"","1","2","3","4","5","6","7","8","9","10","11","12","13","14","15","16","17"
"about",0.0469092773314683,0,0,0,0,0.0331343308134975,0,0,0,0.0117935753742957,0,0.0463880631388964,0,0,0,0,0
"academic",0.0459265487780937,0,0,0,0,0,0,0,0,0,0,0,0,0,0,0,0
"achieve",0.0459265487780937,0,0,0,0,0,0,0,0,0,0,0,0,0,0,0,0
"across",0.0459265487780937,0,0,0,0,0,0,0,0,0,0,0,0,0,0,0,0
"ahead",0.0346905937219139,0.0339281630906631,0,0,0,0,0,0,0,0,0,0,0,0,0,0,0
"also",0.0198374690602582,0,0,0,0,0,0,0,0,0.0099747725783219,0.0154871468979208,0,0.0280243610533806,0,0,0,0.00939114226788818
"and",0.0130457232508735,0.034024010822791,0.0283187651055547,0.00716709487239347,0,0.0122864483526745,0.0107506423085902,0.0154809249243699,0,0.010932856585007,0.0237645777347783,0.0258015415406165,0.00614322417633726,0,0.0161259634628853,0,0.0205863363355983
"artificial",0.0459265487780937,0,0,0,0,0,0,0,0,0,0,0,0,0,0,0,0
"attending",0.0459265487780937,0,0,0,0,0,0,0,0,0,0,0,0,0,0,0,0
"being",0.0459265487780937,0,0,0,0,0,0,0,0,0,0,0,0,0,0,0,0
"between",0.0281179813542605,0,0,0,0,0,0,0,0,0,0,0.0556111186784263,0,0,0,0,0.0133111720240914
"bring",0.0459265487780937,0,0,0,0,0,0,0,0,0,0,0,0,0,0,0,0
"challenges",0.0281179813542605,0.0275000037420789,0.0305182968357217,0,0,0,0,0,0,0,0,0,0,0,0,0,0
"collaboration",0.0459265487780937,0,0,0,0,0,0,0,0,0,0,0,0,0,0,0,0
"countries",0.0918530975561874,0,0,0,0,0,0,0,0,0,0,0,0,0,0,0,0
"cybersecurity",0.0459265487780937,0,0,0,0,0,0,0,0,0,0,0,0,0,0,0,0
"deal",0.0459265487780937,0,0,0,0,0,0,0,0,0,0,0,0,0,0,0,0
"defence",0.056235962708521,0.0275000037420789,0,0,0,0,0,0,0,0,0,0,0,0,0,0,0.0133111720240914
"delegates",0.0459265487780937,0,0,0,0,0,0,0,0,0,0,0,0,0,0,0,0
"disruption",0.0459265487780937,0,0,0,0,0,0,0,0,0,0,0,0,0,0,0,0
"diverse",0.0459265487780937,0,0,0,0,0,0,0,0,0,0,0,0,0,0,0,0
"encourage",0.0459265487780937,0,0,0,0,0,0,0,0,0,0,0,0,0,0,0,0
"essential",0.0459265487780937,0,0,0,0,0,0,0,0,0,0,0,0,0,0,0,0
"exchange",0.0459265487780937,0,0,0,0,0,0,0,0,0,0,0,0,0,0,0,0
"expertise",0.0459265487780937,0,0,0,0,0,0,0,0,0,0,0,0,0,0,0,0
"fields",0.0459265487780937,0,0,0,0,0,0,0,0,0,0,0,0,0,0,0,0
"from",0.056235962708521,0,0,0.0463425988986886,0,0,0,0,0,0,0,0,0,0,0,0,0.0133111720240914
"gathered",0.0459265487780937,0,0,0,0,0,0,0,0,0,0,0,0,0,0,0,0
"goh",0.0459265487780937,0,0,0,0,0,0,0,0,0,0,0,0,0,0,0,0
"had",0.0346905937219139,0,0.0753039717378132,0,0,0,0,0,0,0,0,0,0,0,0,0,0
"hard",0.0281179813542605,0,0.0305182968357217,0,0,0,0,0,0,0,0,0,0,0,0,0,0.0133111720240914
"have",0.0168820262980807,0.016510992753068,0,0.0278240803801701,0,0,0.0208680602851275,0,0,0,0.0263596550970032,0,0,0,0,0,0.0239760692637636
"here",0.0281179813542605,0,0,0,0,0,0,0,0,0,0,0,0,0.0862931151906615,0.0521354237610247,0,0
"hopefully",0.0459265487780937,0,0,0,0,0,0,0,0,0,0,0,0,0,0,0,0
"how",0.0346905937219139,0,0,0,0,0,0.0428814283506992,0,0,0,0,0,0,0,0,0,0
"inaugural",0.0459265487780937,0,0,0,0,0,0,0,0,0,0,0,0,0,0,0,0
"increasingly",0.0459265487780937,0,0,0,0,0,0,0,0,0,0,0,0,0,0,0,0
"innovation",0.0459265487780937,0,0,0,0,0,0,0,0,0,0,0,0,0,0,0,0
"intelligence",0.0459265487780937,0,0,0,0,0,0,0,0,0,0,0,0,0,0,0,0
"interconnected",0.0459265487780937,0,0,0,0,0,0,0,0,0,0,0,0,0,0,0,0
"interesting",0.0459265487780937,0,0,0,0,0,0,0,0,0,0,0,0,0,0,0,0
"just",0.0346905937219139,0,0,0.0571752378009322,0,0,0,0,0,0,0,0,0,0,0,0,0
"lhl",0.00434857441695783,0.00425300135284887,0.00471979418425911,0.00716709487239347,0,0.00614322417633726,0.0053753211542951,0.0154809249243699,0,0.00437314263400279,0.00339493967639691,0.00860051384687216,0.00614322417633726,0,0.00806298173144265,0,0.00205863363355983
"many",0.056235962708521,0,0,0,0,0.0397222276274474,0,0,0,0,0,0,0,0,0,0,0.0133111720240914
"mci",0.0122186836095544,0.0119501411126411,0,0.0201382007638952,0.362487613750113,0,0.0151036505729214,0,0.271865710312585,0,0,0,0,0,0.0226554758593821,0,0.0115687536303228
"military",0.0459265487780937,0,0,0,0,0,0,0,0,0,0,0,0,0,0,0,0
"more",0.0281179813542605,0,0,0,0,0.0397222276274474,0.0347569491740164,0,0,0,0,0,0,0,0,0,0
"not",0.0459265487780937,0,0,0,0,0,0,0,0,0,0,0,0,0,0,0,0
"ours",0.0459265487780937,0,0,0,0,0,0,0,0,0,0,0,0,0,0,0,0
"participants",0.0459265487780937,0,0,0,0,0,0,0,0,0,0,0,0,0,0,0,0
"photo",0.0122186836095544,0,0.0132617419664676,0.0201382007638952,0.362487613750113,0,0.0151036505729214,0.0434985136500136,0.271865710312585,0,0,0,0,0,0.0226554758593821,0,0
"private",0.0346905937219139,0,0,0,0,0,0,0,0,0,0,0,0,0,0,0,0.0164226746875018
"public",0.0234546386657342,0.0229391521016521,0,0,0,0,0,0,0,0,0.0183110775548275,0,0,0,0,0,0.0111035257513316
"rapid",0.0459265487780937,0,0,0,0,0,0,0,0,0,0,0,0,0,0,0,0
"sectors",0.0459265487780937,0,0,0,0,0,0,0,0,0,0,0,0,0,0,0,0
"sgtechsummit",0.0459265487780937,0,0,0,0,0,0,0,0,0,0,0,0,0,0,0,0
"singapore",0.00860151400407839,0.0420623487012625,0.0093357895897924,0,0,0.0121513451803647,0,0,0,0,0.0134304341467189,0.0170118832525106,0,0.0527954997491708,0.0318972810984574,0.0729080710821883,0.0203599666585898
"some",0.0918530975561874,0,0,0,0,0,0,0,0,0,0,0,0,0,0,0,0
"summit",0.0206188278608545,0.0100828334044838,0,0,0,0,0,0,0,0.00518382960343518,0.0321943101687027,0,0.029128185390731,0.0316392358554492,0.0382307433253345,0.0436922780860965,0.0146415612735323
"talked",0.0346905937219139,0,0,0,0,0,0,0,0,0,0,0.0686102853611187,0,0,0,0,0
"technological",0.0459265487780937,0,0,0,0,0,0,0,0,0,0,0,0,0,0,0,0
"technology",0.0459265487780937,0,0,0,0,0,0,0,0,0,0,0,0,0,0,0,0
"the",0.00811560654569981,0.0099215519583418,0.00880840222643029,0.0100317914245456,0,0.00859867836389623,0.0050158957122728,0.00722288982567283,0,0.00918163960890614,0.0126717365362681,0.0200635828490912,0.0171973567277925,0.0186798874801884,0.0112857653526138,0.00859867836389623,0.0115258880196907
"their",0.0168820262980807,0.016510992753068,0.0183231748845022,0,0,0,0.0208680602851275,0,0,0,0.0131798275485016,0,0,0,0,0,0.00799202308792119
"they",0.0469092773314683,0,0,0,0,0.0331343308134975,0.0289925394618103,0,0,0,0,0,0,0,0,0,0.0111035257513316
"this",0.00860151400407839,0,0,0.0141765693770922,0,0.0121513451803647,0,0.0306213898545191,0,0,0.0201456512200783,0.0170118832525106,0.0121513451803647,0.0263977498745854,0.0159486405492287,0,0.0244319599903078
"told",0.0459265487780937,0,0,0,0,0,0,0,0,0,0,0,0,0,0,0,0
"used",0.0459265487780937,0,0,0,0,0,0,0,0,0,0,0,0,0,0,0,0
"very",0.0346905937219139,0,0,0,0,0,0.0428814283506992,0,0,0,0,0,0,0,0,0,0
"views",0.0459265487780937,0,0,0,0,0,0,0,0,0,0,0,0,0,0,0,0
"which",0.0281179813542605,0,0,0,0,0,0,0,0,0,0.021951757373063,0,0.0397222276274474,0,0,0,0
"will",0.0198374690602582,0,0.0215309115410119,0,0,0,0,0,0,0.0099747725783219,0,0,0.0280243610533806,0,0,0,0.00939114226788818
"with",0.0206188278608545,0,0.0223789717026348,0,0,0.0145640926953655,0.0127435811084448,0,0,0,0.00804857754217568,0.0203897297735117,0.029128185390731,0.0316392358554492,0,0,0.00488052042451078
"world",0.0234546386657342,0.0229391521016521,0,0,0,0,0,0,0,0,0.0366221551096551,0.0463880631388964,0,0,0,0,0
"yet",0.0459265487780937,0,0,0,0,0,0,0,0,0,0,0,0,0,0,0,0
"affairs",0,0.0339281630906631,0,0,0,0,0,0,0,0,0,0,0,0,0,0,0.0328453493750036
"agencies",0,0.0339281630906631,0,0,0,0,0,0,0,0,0,0,0,0,0,0,0.0164226746875018
"agreed",0,0.0449171740796741,0,0,0,0,0,0,0,0,0,0,0,0,0,0,0
"all",0,0.0119501411126411,0,0.0201382007638952,0,0,0.0151036505729214,0.0434985136500136,0,0.00614385786017141,0.0190782954605323,0,0.0172613149404816,0,0,0,0.00578437681516138
"appreciation",0,0.0449171740796741,0,0,0,0,0,0,0,0,0,0,0,0,0,0,0
"attended",0,0.0449171740796741,0,0,0,0,0,0,0,0,0,0,0,0,0,0,0
"bright",0,0.0449171740796741,0,0,0,0,0,0,0,0,0,0,0,0,0,0,0
"challenge",0,0.0449171740796741,0,0,0,0,0,0,0,0,0,0,0,0,0,0,0
"coming",0,0.0449171740796741,0,0,0,0,0,0,0,0,0,0,0,0,0,0,0
"commercial",0,0.0449171740796741,0,0,0,0,0,0,0,0,0,0,0,0,0,0,0
"communications",0,0.0339281630906631,0,0,0,0,0,0,0,0,0,0,0,0,0,0,0.0164226746875018
"dprkusa",0,0.0449171740796741,0,0,0,0,0,0,0,0,0,0,0,0,0,0,0
"effort",0,0.0449171740796741,0,0,0,0,0,0,0,0,0,0,0,0,0,0,0
"events",0,0.0339281630906631,0,0,0,0,0,0,0,0,0,0,0,0,0,0,0.0164226746875018
"everything",0,0.0449171740796741,0,0,0,0,0,0,0,0,0,0,0,0,0,0,0
"for",0,0.0207043260202102,0.0153178346978791,0.0232604156523349,0,0,0,0,0,0.0035481989978138,0.00550904581239511,0.0139562493914009,0.00996874956528638,0.0216562490556221,0.0130839838044384,0.0299062486958591,0.0233841412675069
"getting",0,0.0449171740796741,0,0,0,0,0,0,0,0,0,0,0,0,0,0,0
"government",0,0.0339281630906631,0,0,0,0,0,0,0,0,0,0,0,0,0,0,0.0164226746875018
"home",0,0.0678563261813261,0,0,0,0,0,0,0,0,0,0,0,0,0,0,0.0328453493750036
"host",0,0.0275000037420789,0,0,0,0,0,0,0,0,0.021951757373063,0,0,0,0,0,0.0133111720240914
"information",0,0.0339281630906631,0,0,0,0,0,0,0,0,0,0,0,0,0,0,0.0164226746875018
"knew",0,0.0449171740796741,0,0,0,0,0,0,0,0,0,0,0,0,0,0,0
"lay",0,0.0449171740796741,0,0,0,0,0,0,0,0,0,0,0,0,0,0,0
"less",0,0.0339281630906631,0,0,0,0.0490073466865133,0,0,0,0,0,0,0,0,0,0,0
"logistical",0,0.0449171740796741,0,0,0,0,0,0,0,0,0,0,0,0,0,0,0
"made",0,0.0449171740796741,0,0,0,0,0,0,0,0,0,0,0,0,0,0,0
"magnificent",0,0.0449171740796741,0,0,0,0,0,0,0,0,0,0,0,0,0,0,0
"mindef",0,0.0339281630906631,0,0,0,0,0,0,0,0,0,0,0,0,0,0,0.0164226746875018
"ministry",0,0.0825000112262368,0.0305182968357217,0,0,0,0,0,0,0,0,0,0,0,0,0,0.0532446880963656
"nsfs",0,0.0449171740796741,0,0,0,0,0,0,0,0,0,0,0,0,0,0,0
"officers",0,0.0825000112262368,0,0,0,0,0,0,0,0,0.021951757373063,0,0,0,0,0,0.0133111720240914
"operational",0,0.0449171740796741,0,0,0,0,0,0,0,0,0,0,0,0,0,0,0
"our",0,0.0582044421877905,0,0.0326950878956107,0,0,0.024521315921708,0,0,0,0.0309742937958417,0,0,0,0,0,0.0281734268036645
"proud",0,0.0449171740796741,0,0,0,0,0,0,0,0,0,0,0,0,0,0,0
"ready",0,0.0339281630906631,0.0376519858689066,0,0,0,0,0,0,0,0,0,0,0,0,0,0
"regular",0,0.0449171740796741,0,0,0,0,0,0,0,0,0,0,0,0,0,0,0
"rising",0,0.0449171740796741,0,0,0,0,0,0,0,0,0,0,0,0,0,0,0
"security",0,0.0339281630906631,0,0,0,0,0,0,0,0,0,0,0,0,0,0,0.0492680240625054
"servicemen",0,0.0339281630906631,0,0,0,0,0,0,0,0,0.0270830073793889,0,0,0,0,0,0
"shine",0,0.0449171740796741,0,0,0,0,0,0,0,0,0,0,0,0,0,0,0
"sponsors",0,0.0449171740796741,0,0,0,0,0,0,0,0,0,0,0,0,0,0,0
"stage",0,0.0449171740796741,0,0,0,0,0,0,0,0,0,0,0,0,0,0,0
"team",0,0.0339281630906631,0,0,0,0,0,0,0,0,0,0,0,0,0,0,0.0164226746875018
"than",0,0.0449171740796741,0,0,0,0,0,0,0,0,0,0,0,0,0,0,0
"thank",0,0.0275000037420789,0,0,0,0,0,0,0,0,0.021951757373063,0,0,0,0,0,0.0133111720240914
"that",0,0.0449171740796741,0,0,0,0,0,0,0,0,0,0,0,0,0,0,0
"today",0,0.0229391521016521,0,0,0,0.0331343308134975,0,0,0,0,0,0,0,0.0719814772844945,0,0.0994029924404924,0
"together",0,0.0449171740796741,0,0,0,0,0,0,0,0,0,0,0,0,0,0,0
"two",0,0.0449171740796741,0,0,0,0,0,0,0,0,0,0,0,0,0,0,0
"want",0,0.0339281630906631,0,0,0,0,0.0428814283506992,0,0,0,0,0,0,0,0,0,0
"weeks",0,0.0449171740796741,0,0,0,0,0,0,0,0,0,0,0,0,0,0,0
"when",0,0.0449171740796741,0,0,0,0,0,0,0,0,0,0,0,0,0,0,0
"yesterday",0,0.0449171740796741,0,0,0,0,0,0,0,0,0,0,0,0,0,0,0
"you",0,0.0119501411126411,0.0397852258994027,0.0402764015277903,0,0.0172613149404816,0.0151036505729214,0,0,0,0.0190782954605323,0.0241658409166742,0,0,0,0,0.00578437681516138
"are",0,0,0.0430618230820238,0.0326950878956107,0,0.0560487221067612,0.024521315921708,0,0,0,0,0,0,0,0,0,0.0187822845357764
"back",0,0,0.0996942156402522,0,0,0,0,0,0,0,0,0,0,0,0,0,0
"best",0,0,0.0376519858689066,0,0,0,0,0,0,0,0,0,0.0490073466865133,0,0,0,0
"break",0,0,0.0996942156402522,0,0,0,0,0,0,0,0,0,0,0,0,0,0
"catch",0,0,0.0376519858689066,0,0,0,0,0,0,0,0,0,0.0490073466865133,0,0,0,0
"continue",0,0,0.0996942156402522,0,0,0,0,0,0,0,0,0,0,0,0,0,0
"courtesy",0,0,0.0498471078201261,0,0,0,0,0,0,0,0,0,0,0,0,0,0
"day",0,0,0.0376519858689066,0,0,0,0.0428814283506992,0,0,0,0,0,0,0,0,0,0
"eager",0,0,0.0498471078201261,0,0,0,0,0,0,0,0,0,0,0,0,0,0
"education",0,0,0.0498471078201261,0,0,0,0,0,0,0,0,0,0,0,0,0,0
"everyone",0,0,0.0610365936714435,0.0463425988986886,0,0,0,0,0,0.0141384200029897,0,0,0,0,0,0,0
"families",0,0,0.0376519858689066,0,0,0,0.0428814283506992,0,0,0,0,0,0,0,0,0,0
"family",0,0,0.0498471078201261,0,0,0,0,0,0,0,0,0,0,0,0,0,0
"first",0,0,0.0254568639176871,0,0,0,0,0,0,0,0.0183110775548275,0,0.0331343308134975,0.0719814772844945,0,0,0
"good",0,0,0.0915548905071652,0,0,0,0,0,0,0,0,0,0,0,0.0521354237610247,0,0.0133111720240914
"guide",0,0,0.0498471078201261,0,0,0,0,0,0,0,0,0,0,0,0,0,0
"hope",0,0,0.0915548905071652,0,0,0,0.0347569491740164,0,0,0,0,0,0.0397222276274474,0,0,0,0
"impart",0,0,0.0498471078201261,0,0,0,0,0,0,0,0,0,0,0,0,0,0
"inspire",0,0,0.0498471078201261,0,0,0,0,0,0,0,0,0,0,0,0,0,0
"its",0,0,0.0305182968357217,0,0,0.0397222276274474,0,0,0,0,0,0.0556111186784263,0,0,0,0,0
"last",0,0,0.0305182968357217,0,0,0,0,0.100100013621167,0,0,0,0,0.0397222276274474,0,0,0,0
"month",0,0,0.0376519858689066,0,0,0,0,0,0,0.01744329288842,0,0,0,0,0,0,0
"over",0,0,0.0305182968357217,0.0463425988986886,0,0,0,0,0,0.0141384200029897,0,0,0,0,0,0,0
"prepare",0,0,0.0498471078201261,0,0,0,0,0,0,0,0,0,0,0,0,0,0
"recharged",0,0,0.0498471078201261,0,0,0,0,0,0,0,0,0,0,0,0,0,0
"school",0,0,0.149541323460378,0,0,0,0,0,0,0,0,0,0,0,0,0,0
"schoolmates",0,0,0.0498471078201261,0,0,0,0,0,0,0,0,0,0,0,0,0,0
"skills",0,0,0.0498471078201261,0,0,0,0,0,0,0,0,0,0,0,0,0,0
"students",0,0,0.149541323460378,0,0,0,0,0,0,0,0,0,0,0,0,0,0
"teachers",0,0,0.0996942156402522,0,0,0,0,0,0,0,0,0,0,0,0,0,0
"them",0,0,0.0305182968357217,0,0,0,0,0,0,0,0.021951757373063,0,0,0,0,0,0.0266223440481828
"tomorrow",0,0,0.0254568639176871,0,0,0,0,0,0,0.0117935753742957,0,0,0.0331343308134975,0.0719814772844945,0,0,0
"tomorrows",0,0,0.0376519858689066,0,0,0,0,0,0,0,0,0,0.0490073466865133,0,0,0,0
"values",0,0,0.0498471078201261,0,0,0,0,0,0,0,0,0,0,0,0,0,0
"wishing",0,0,0.0305182968357217,0,0,0,0,0.100100013621167,0,0,0.021951757373063,0,0,0,0,0,0
"work",0,0,0.0376519858689066,0,0,0,0,0,0,0,0,0,0,0,0,0,0.0164226746875018
"your",0,0,0.150607943475626,0,0,0,0.0857628567013983,0,0,0,0,0,0,0,0,0,0
"ang",0,0,0,0.0756937563194507,0,0,0,0,0,0,0,0,0,0,0,0,0
"bishan",0,0,0,0.0756937563194507,0,0,0,0,0,0,0,0,0,0,0,0,0
"bishanang",0,0,0,0.0756937563194507,0,0,0,0,0,0,0,0,0,0,0,0,0
"come",0,0,0,0.0756937563194507,0,0,0,0,0,0,0,0,0,0,0,0,0
"dont",0,0,0,0.0756937563194507,0,0,0,0,0,0,0,0,0,0,0,0,0
"enjoy",0,0,0,0.0571752378009322,0,0,0,0,0,0.01744329288842,0,0,0,0,0,0,0
"environment",0,0,0,0.0756937563194507,0,0,0,0,0,0,0,0,0,0,0,0,0
"has",0,0,0,0.0386567192824137,0,0,0.0289925394618103,0,0,0,0.0183110775548275,0,0,0,0,0,0.0333105772539948
"highly",0,0,0,0.0571752378009322,0,0,0,0,0,0,0,0,0,0,0,0,0.0164226746875018
"island",0,0,0,0.0756937563194507,0,0,0,0,0,0,0,0,0,0,0,0,0
"kio",0,0,0,0.151387512638901,0,0,0,0,0,0,0,0,0,0,0,0,0
"largest",0,0,0,0.0756937563194507,0,0,0,0,0,0,0,0,0,0,0,0,0
"live",0,0,0,0.0756937563194507,0,0,0,0,0,0,0,0,0,0,0,0,0
"looking",0,0,0,0.0571752378009322,0,0,0,0,0,0,0,0,0.0490073466865133,0,0,0,0
"lots",0,0,0,0.0756937563194507,0,0,0,0,0,0,0,0,0,0,0,0,0
"lover",0,0,0,0.0756937563194507,0,0,0,0,0,0,0,0,0,0,0,0,0
"most",0,0,0,0.0756937563194507,0,0,0,0,0,0,0,0,0,0,0,0,0
"nature",0,0,0,0.0756937563194507,0,0,0,0,0,0,0,0,0,0,0,0,0
"one",0,0,0,0.0571752378009322,0,0,0.128644285052097,0,0,0,0,0,0,0,0,0,0
"park",0,0,0,0.227081268958352,0,0,0,0,0,0,0,0,0,0,0,0,0
"parks",0,0,0,0.0756937563194507,0,0,0,0,0,0,0,0,0,0,0,0,0
"popular",0,0,0,0.0756937563194507,0,0,0,0,0,0,0,0,0,0,0,0,0
"relax",0,0,0,0.0756937563194507,0,0,0,0,0,0,0,0,0,0,0,0,0
"something",0,0,0,0.0756937563194507,0,0,0,0,0,0,0,0,0,0,0,0,0
"somewhere",0,0,0,0.0756937563194507,0,0,0,0,0,0,0,0,0,0,0,0,0
"sports",0,0,0,0.0756937563194507,0,0,0,0,0,0,0,0,0,0,0,0,0
"tan",0,0,0,0.0386567192824137,0,0,0.0289925394618103,0,0.521865710312585,0,0,0,0,0,0.0434888091927154,0,0
"terence",0,0,0,0.0386567192824137,0,0,0.0289925394618103,0,0.521865710312585,0,0,0,0,0,0.0434888091927154,0,0
"urban",0,0,0,0.0756937563194507,0,0,0,0,0,0,0,0,0,0,0,0,0
"visitors",0,0,0,0.0571752378009322,0,0,0,0,0,0,0,0,0,0,0,0,0.0164226746875018
"whether",0,0,0,0.0571752378009322,0,0,0.0428814283506992,0,0,0,0,0,0,0,0,0,0
"chwee",0,0,0,0,1.36248761375011,0,0,0,0,0,0,0,0,0,0,0,0
"alternative",0,0,0,0,0,0.0648803625595292,0,0,0,0,0,0,0,0,0,0,0
"around",0,0,0,0,0,0.0648803625595292,0,0,0,0,0,0,0,0,0,0,0
"bak",0,0,0,0,0,0.0648803625595292,0,0,0,0,0,0,0,0,0,0,0
"bamboo",0,0,0,0,0,0.0648803625595292,0,0,0,0,0,0,0,0,0,0,0
"bit",0,0,0,0,0,0.0490073466865133,0,0,0,0.01744329288842,0,0,0,0,0,0,0
"boat",0,0,0,0,0,0.129760725119058,0,0,0,0,0,0,0,0,0,0,0
"brown",0,0,0,0,0,0.0648803625595292,0,0,0,0,0,0,0,0,0,0,0
"but",0,0,0,0,0,0.0397222276274474,0.0695138983480329,0,0,0,0,0,0,0,0,0,0.0133111720240914
"can",0,0,0,0,0,0.0794444552548947,0,0,0,0,0.021951757373063,0.0556111186784263,0,0,0,0,0
"delicious",0,0,0,0,0,0.0490073466865133,0,0,0,0.01744329288842,0,0,0,0,0,0,0
"developing",0,0,0,0,0,0.0648803625595292,0,0,0,0,0,0,0,0,0,0,0
"diabetes",0,0,0,0,0,0.0648803625595292,0,0,0,0,0,0,0,0,0,0,0
"dragon",0,0,0,0,0,0.129760725119058,0,0,0,0,0,0,0,0,0,0,0
"dumplings",0,0,0,0,0,0.129760725119058,0,0,0,0,0,0,0,0,0,0,0
"feel",0,0,0,0,0,0.0648803625595292,0,0,0,0,0,0,0,0,0,0,0
"festival",0,0,0,0,0,0.0648803625595292,0,0,0,0,0,0,0,0,0,0,0
"fillings",0,0,0,0,0,0.0648803625595292,0,0,0,0,0,0,0,0,0,0,0
"give",0,0,0,0,0,0.0648803625595292,0,0,0,0,0,0,0,0,0,0,0
"glutinous",0,0,0,0,0,0.0648803625595292,0,0,0,0,0,0,0,0,0,0,0
"guilty",0,0,0,0,0,0.0648803625595292,0,0,0,0,0,0,0,0,0,0,0
"healthier",0,0,0,0,0,0.0648803625595292,0,0,0,0,0,0,0,0,0,0,0
"help",0,0,0,0,0,0.0490073466865133,0,0,0,0,0,0,0,0,0,0,0.0164226746875018
"indulging",0,0,0,0,0,0.0648803625595292,0,0,0,0,0,0,0,0,0,0,0
"into",0,0,0,0,0,0.0648803625595292,0,0,0,0,0,0,0,0,0,0,0
"july",0,0,0,0,0,0.0648803625595292,0,0,0,0,0,0,0,0,0,0,0
"leaves",0,0,0,0,0,0.0648803625595292,0,0,0,0,0,0,0,0,0,0,0
"now",0,0,0,0,0,0.0648803625595292,0,0,0,0,0,0,0,0,0,0,0
"nutritious",0,0,0,0,0,0.0648803625595292,0,0,0,0,0,0,0,0,0,0,0
"period",0,0,0,0,0,0.0648803625595292,0,0,0,0,0,0,0,0,0,0,0
"races",0,0,0,0,0,0.0648803625595292,0,0,0,0,0,0,0,0,0,0,0
"reduce",0,0,0,0,0,0.0648803625595292,0,0,0,0,0,0,0,0,0,0,0
"rice",0,0,0,0,0,0.129760725119058,0,0,0,0,0,0,0,0,0,0,0
"risk",0,0,0,0,0,0.0648803625595292,0,0,0,0,0,0,0,0,0,0,0
"stuffed",0,0,0,0,0,0.0648803625595292,0,0,0,0,0,0,0,0,0,0,0
"there",0,0,0,0,0,0.0648803625595292,0,0,0,0,0,0,0,0,0,0,0
"try",0,0,0,0,0,0.0648803625595292,0,0,0,0,0,0,0,0,0,0,0
"tuck",0,0,0,0,0,0.0648803625595292,0,0,0,0,0,0,0,0,0,0,0
"wrapped",0,0,0,0,0,0.0648803625595292,0,0,0,0,0,0,0,0,0,0,0
"zhang",0,0,0,0,0,0.0648803625595292,0,0,0,0,0,0,0,0,0,0,0
"approach",0,0,0,0,0,0,0.056770317239588,0,0,0,0,0,0,0,0,0,0
"becoming",0,0,0,0,0,0,0.056770317239588,0,0,0,0,0,0,0,0,0,0
"child",0,0,0,0,0,0,0.056770317239588,0,0,0,0,0,0,0,0,0,0
"children",0,0,0,0,0,0,0.113540634479176,0,0,0,0,0,0,0,0,0,0
"dad",0,0,0,0,0,0,0.113540634479176,0,0,0,0,0,0,0,0,0,0
"daunting",0,0,0,0,0,0,0.056770317239588,0,0,0,0,0,0,0,0,0,0
"days",0,0,0,0,0,0,0.056770317239588,0,0,0,0,0,0,0,0,0,0
"different",0,0,0,0,0,0,0.056770317239588,0,0,0,0,0,0,0,0,0,0
"every",0,0,0,0,0,0,0.056770317239588,0,0,0,0,0,0,0,0,0,0
"father",0,0,0,0,0,0,0.056770317239588,0,0,0,0,0,0,0,0,0,0
"fatherhood",0,0,0,0,0,0,0.056770317239588,0,0,0,0,0,0,0,0,0,0
"fathers",0,0,0,0,0,0,0.113540634479176,0,0,0,0,0,0,0,0,0,0
"glad",0,0,0,0,0,0,0.0428814283506992,0,0,0,0,0,0.0490073466865133,0,0,0,0
"grow",0,0,0,0,0,0,0.056770317239588,0,0,0,0,0,0,0,0,0,0
"guiding",0,0,0,0,0,0,0.056770317239588,0,0,0,0,0,0,0,0,0,0
"happy",0,0,0,0,0,0,0.056770317239588,0,0,0,0,0,0,0,0,0,0
"involved",0,0,0,0,0,0,0.056770317239588,0,0,0,0,0,0,0,0,0,0
"key",0,0,0,0,0,0,0.056770317239588,0,0,0,0,0,0,0,0,0,0
"life",0,0,0,0,0,0,0.113540634479176,0,0,0,0,0,0,0,0,0,0
"mans",0,0,0,0,0,0,0.056770317239588,0,0,0,0,0,0,0,0,0,0
"may",0,0,0,0,0,0,0.0428814283506992,0,0,0,0,0,0,0,0,0,0.0164226746875018
"moments",0,0,0,0,0,0,0.056770317239588,0,0,0,0,0,0,0,0,0,0
"new",0,0,0,0,0,0,0.056770317239588,0,0,0,0,0,0,0,0,0,0
"old",0,0,0,0,0,0,0.056770317239588,0,0,0,0,0,0,0,0,0,0
"raising",0,0,0,0,0,0,0.056770317239588,0,0,0,0,0,0,0,0,0,0
"responsibility",0,0,0,0,0,0,0.056770317239588,0,0,0,0,0,0,0,0,0,0
"rewarding",0,0,0,0,0,0,0.056770317239588,0,0,0,0,0,0,0,0,0,0
"see",0,0,0,0,0,0,0.0428814283506992,0,0,0.01744329288842,0,0,0,0,0,0,0
"seem",0,0,0,0,0,0,0.056770317239588,0,0,0,0,0,0,0,0,0,0
"shaping",0,0,0,0,0,0,0.056770317239588,0,0,0,0,0,0,0,0,0,0
"soontobe",0,0,0,0,0,0,0.056770317239588,0,0,0,0,0,0,0,0,0,0
"these",0,0,0,0,0,0,0.056770317239588,0,0,0,0,0,0,0,0,0,0
"thrive",0,0,0,0,0,0,0.056770317239588,0,0,0,0,0,0,0,0,0,0
"well",0,0,0,0,0,0,0.0347569491740164,0,0,0,0.021951757373063,0,0,0,0.0521354237610247,0,0
"youre",0,0,0,0,0,0,0.056770317239588,0,0,0,0,0,0,0,0,0,0
"aidilfitri",0,0,0,0,0,0,0,0.123498513650014,0,0.03488658577684,0,0,0,0,0,0,0
"celebration",0,0,0,0,0,0,0,0.123498513650014,0,0.01744329288842,0,0,0,0,0,0,0
"during",0,0,0,0,0,0,0,0.163498513650014,0,0,0,0,0,0,0,0,0
"geylang",0,0,0,0,0,0,0,0.123498513650014,0,0.0872164644421,0,0,0,0,0,0,0
"hari",0,0,0,0,0,0,0,0.246997027300027,0,0.10465975733052,0,0,0,0,0,0,0
"jalanjalan",0,0,0,0,0,0,0,0.123498513650014,0,0.03488658577684,0,0,0,0,0,0,0
"joyous",0,0,0,0,0,0,0,0.163498513650014,0,0,0,0,0,0,0,0,0
"light",0,0,0,0,0,0,0,0.163498513650014,0,0,0,0,0,0,0,0,0
"muslims",0,0,0,0,0,0,0,0.163498513650014,0,0,0,0,0,0,0,0,0
"pic",0,0,0,0,0,0,0,0.163498513650014,0,0,0,0,0,0,0,0,0
"raya",0,0,0,0,0,0,0,0.246997027300027,0,0.15698963599578,0,0,0,0,0,0,0
"selamat",0,0,0,0,0,0,0,0.123498513650014,0,0.03488658577684,0,0,0,0,0,0,0
"serai",0,0,0,0,0,0,0,0.123498513650014,0,0.0872164644421,0,0,0,0,0,0,0
"snapped",0,0,0,0,0,0,0,0.163498513650014,0,0,0,0,0,0,0,0,0
"weekend",0,0,0,0,0,0,0,0.123498513650014,0,0.03488658577684,0,0,0,0,0,0,0
"akan",0,0,0,0,0,0,0,0,0,0.0461860208050886,0,0,0,0,0,0,0
"anda",0,0,0,0,0,0,0,0,0,0.0230930104025443,0,0,0,0,0,0,0
"bagi",0,0,0,0,0,0,0,0,0,0.0230930104025443,0,0,0,0,0,0,0
"bazaar",0,0,0,0,0,0,0,0,0,0.0461860208050886,0,0,0,0,0,0,0
"before",0,0,0,0,0,0,0,0,0,0.0141384200029897,0,0,0.0397222276274474,0,0,0,0.0133111720240914
"beginning",0,0,0,0,0,0,0,0,0,0.0230930104025443,0,0,0,0,0,0,0
"begitu",0,0,0,0,0,0,0,0,0,0.0230930104025443,0,0,0,0,0,0,0
"berbelanja",0,0,0,0,0,0,0,0,0,0.0230930104025443,0,0,0,0,0,0,0
"bercuti",0,0,0,0,0,0,0,0,0,0.0230930104025443,0,0,0,0,0,0,0
"bergembira",0,0,0,0,0,0,0,0,0,0.0230930104025443,0,0,0,0,0,0,0
"bergemerlapan",0,0,0,0,0,0,0,0,0,0.0230930104025443,0,0,0,0,0,0,0
"berjaya",0,0,0,0,0,0,0,0,0,0.0230930104025443,0,0,0,0,0,0,0
"bermulanya",0,0,0,0,0,0,0,0,0,0.0230930104025443,0,0,0,0,0,0,0
"bulan",0,0,0,0,0,0,0,0,0,0.0461860208050886,0,0,0,0,0,0,0
"cabaran",0,0,0,0,0,0,0,0,0,0.0230930104025443,0,0,0,0,0,0,0
"cantik",0,0,0,0,0,0,0,0,0,0.0230930104025443,0,0,0,0,0,0,0
"celebrations",0,0,0,0,0,0,0,0,0,0.0230930104025443,0,0,0,0,0,0,0
"complete",0,0,0,0,0,0,0,0,0,0.0230930104025443,0,0,0,0,0,0,0
"course",0,0,0,0,0,0,0,0,0,0.0230930104025443,0,0,0,0,0,0,0
"crowds",0,0,0,0,0,0,0,0,0,0.0230930104025443,0,0,0,0,0,0,0
"cuti",0,0,0,0,0,0,0,0,0,0.0230930104025443,0,0,0,0,0,0,0
"dan",0,0,0,0,0,0,0,0,0,0.0692790312076329,0,0,0,0,0,0,0
"depan",0,0,0,0,0,0,0,0,0,0.0230930104025443,0,0,0,0,0,0,0
"dprkas",0,0,0,0,0,0,0,0,0,0.0230930104025443,0,0,0,0,0,0,0
"dprkus",0,0,0,0,0,0,0,0,0,0.0099747725783219,0.0154871468979208,0,0,0.0608805084952751,0.036781973882562,0.0840730831601418,0
"enjoying",0,0,0,0,0,0,0,0,0,0.0230930104025443,0,0,0,0,0,0,0
"esok",0,0,0,0,0,0,0,0,0,0.0230930104025443,0,0,0,0,0,0,0
"festive",0,0,0,0,0,0,0,0,0,0.0230930104025443,0,0,0,0,0,0,0
"food",0,0,0,0,0,0,0,0,0,0.0230930104025443,0,0,0,0,0,0,0
"friends",0,0,0,0,0,0,0,0,0,0.0230930104025443,0,0,0,0,0,0,0
"gembira",0,0,0,0,0,0,0,0,0,0.0230930104025443,0,0,0,0,0,0,0
"hiasan",0,0,0,0,0,0,0,0,0,0.0230930104025443,0,0,0,0,0,0,0
"hujung",0,0,0,0,0,0,0,0,0,0.0461860208050886,0,0,0,0,0,0,0
"ini",0,0,0,0,0,0,0,0,0,0.0230930104025443,0,0,0,0,0,0,0
"islam",0,0,0,0,0,0,0,0,0,0.0461860208050886,0,0,0,0,0,0,0
"keluar",0,0,0,0,0,0,0,0,0,0.0230930104025443,0,0,0,0,0,0,0
"kepada",0,0,0,0,0,0,0,0,0,0.0230930104025443,0,0,0,0,0,0,0
"keperluan",0,0,0,0,0,0,0,0,0,0.0230930104025443,0,0,0,0,0,0,0
"kuih",0,0,0,0,0,0,0,0,0,0.0461860208050886,0,0,0,0,0,0,0
"lalu",0,0,0,0,0,0,0,0,0,0.0230930104025443,0,0,0,0,0,0,0
"lampu",0,0,0,0,0,0,0,0,0,0.0230930104025443,0,0,0,0,0,0,0
"lazat",0,0,0,0,0,0,0,0,0,0.0230930104025443,0,0,0,0,0,0,0
"leave",0,0,0,0,0,0,0,0,0,0.0230930104025443,0,0,0,0,0,0,0
"lengkap",0,0,0,0,0,0,0,0,0,0.0230930104025443,0,0,0,0,0,0,0
"lights",0,0,0,0,0,0,0,0,0,0.0230930104025443,0,0,0,0,0,0,0
"little",0,0,0,0,0,0,0,0,0,0.01744329288842,0,0,0,0,0,0,0.0164226746875018
"long",0,0,0,0,0,0,0,0,0,0.01744329288842,0.0270830073793889,0,0,0,0,0,0
"marks",0,0,0,0,0,0,0,0,0,0.0230930104025443,0,0,0,0,0,0,0
"melihat",0,0,0,0,0,0,0,0,0,0.0230930104025443,0,0,0,0,0,0,0
"membeli",0,0,0,0,0,0,0,0,0,0.0230930104025443,0,0,0,0,0,0,0
"menandakan",0,0,0,0,0,0,0,0,0,0.0230930104025443,0,0,0,0,0,0,0
"mengatasi",0,0,0,0,0,0,0,0,0,0.0230930104025443,0,0,0,0,0,0,0
"menikmati",0,0,0,0,0,0,0,0,0,0.0461860208050886,0,0,0,0,0,0,0
"minggu",0,0,0,0,0,0,0,0,0,0.0692790312076329,0,0,0,0,0,0,0
"muslim",0,0,0,0,0,0,0,0,0,0.0230930104025443,0,0,0,0,0,0,0
"next",0,0,0,0,0,0,0,0,0,0.0230930104025443,0,0,0,0,0,0,0
"nice",0,0,0,0,0,0,0,0,0,0.0230930104025443,0,0,0,0,0,0,0
"out",0,0,0,0,0,0,0,0,0,0.01744329288842,0,0,0,0,0,0,0.0164226746875018
"outfits",0,0,0,0,0,0,0,0,0,0.0230930104025443,0,0,0,0,0,0,0
"pakaian",0,0,0,0,0,0,0,0,0,0.0230930104025443,0,0,0,0,0,0,0
"panjang",0,0,0,0,0,0,0,0,0,0.0230930104025443,0,0,0,0,0,0,0
"perhiasan",0,0,0,0,0,0,0,0,0,0.0230930104025443,0,0,0,0,0,0,0
"puncak",0,0,0,0,0,0,0,0,0,0.0230930104025443,0,0,0,0,0,0,0
"ramadan",0,0,0,0,0,0,0,0,0,0.0461860208050886,0,0,0,0,0,0,0
"ramai",0,0,0,0,0,0,0,0,0,0.0230930104025443,0,0,0,0,0,0,0
"rumah",0,0,0,0,0,0,0,0,0,0.0230930104025443,0,0,0,0,0,0,0
"sambil",0,0,0,0,0,0,0,0,0,0.0230930104025443,0,0,0,0,0,0,0
"sambutan",0,0,0,0,0,0,0,0,0,0.0230930104025443,0,0,0,0,0,0,0
"saya",0,0,0,0,0,0,0,0,0,0.0692790312076329,0,0,0,0,0,0,0
"sebelum",0,0,0,0,0,0,0,0,0,0.0230930104025443,0,0,0,0,0,0,0
"sedikit",0,0,0,0,0,0,0,0,0,0.0230930104025443,0,0,0,0,0,0,0
"semoga",0,0,0,0,0,0,0,0,0,0.0230930104025443,0,0,0,0,0,0,0
"sempat",0,0,0,0,0,0,0,0,0,0.0230930104025443,0,0,0,0,0,0,0
"semua",0,0,0,0,0,0,0,0,0,0.0461860208050886,0,0,0,0,0,0,0
"seperti",0,0,0,0,0,0,0,0,0,0.0230930104025443,0,0,0,0,0,0,0
"seronok",0,0,0,0,0,0,0,0,0,0.0230930104025443,0,0,0,0,0,0,0
"setelah",0,0,0,0,0,0,0,0,0,0.0230930104025443,0,0,0,0,0,0,0
"shopping",0,0,0,0,0,0,0,0,0,0.0230930104025443,0,0,0,0,0,0,0
"sidang",0,0,0,0,0,0,0,0,0,0.0230930104025443,0,0,0,0,0,0,0
"start",0,0,0,0,0,0,0,0,0,0.0230930104025443,0,0,0,0,0,0,0
"sudah",0,0,0,0,0,0,0,0,0,0.0230930104025443,0,0,0,0,0,0,0
"sungguh",0,0,0,0,0,0,0,0,0,0.0230930104025443,0,0,0,0,0,0,0
"syawal",0,0,0,0,0,0,0,0,0,0.0461860208050886,0,0,0,0,0,0,0
"tanpa",0,0,0,0,0,0,0,0,0,0.0230930104025443,0,0,0,0,0,0,0
"tentu",0,0,0,0,0,0,0,0,0,0.0230930104025443,0,0,0,0,0,0,0
"tidak",0,0,0,0,0,0,0,0,0,0.0230930104025443,0,0,0,0,0,0,0
"umat",0,0,0,0,0,0,0,0,0,0.0461860208050886,0,0,0,0,0,0,0
"week",0,0,0,0,0,0,0,0,0,0.0230930104025443,0,0,0,0,0,0,0
"went",0,0,0,0,0,0,0,0,0,0.0230930104025443,0,0,0,0,0,0,0
"wisma",0,0,0,0,0,0,0,0,0,0.0461860208050886,0,0,0,0,0,0,0
"without",0,0,0,0,0,0,0,0,0,0.0230930104025443,0,0,0,0,0,0,0
"would",0,0,0,0,0,0,0,0,0,0.01744329288842,0.0270830073793889,0,0,0,0,0,0
"yang",0,0,0,0,0,0,0,0,0,0.0692790312076329,0,0,0,0,0,0,0
"agreement",0,0,0,0,0,0,0,0,0,0,0.0358549372039503,0,0,0,0,0,0
"benefit",0,0,0,0,0,0,0,0,0,0,0.0358549372039503,0,0,0,0,0,0
"both",0,0,0,0,0,0,0,0,0,0,0.0270830073793889,0,0,0,0,0,0.0164226746875018
"care",0,0,0,0,0,0,0,0,0,0,0.0358549372039503,0,0,0,0,0,0
"celebrating",0,0,0,0,0,0,0,0,0,0,0.0358549372039503,0,0,0,0,0,0
"community",0,0,0,0,0,0,0,0,0,0,0.0358549372039503,0,0,0,0,0,0
"component",0,0,0,0,0,0,0,0,0,0,0.0358549372039503,0,0,0,0,0,0
"concluded",0,0,0,0,0,0,0,0,0,0,0.0358549372039503,0,0,0,0,0,0
"congratulate",0,0,0,0,0,0,0,0,0,0,0.0358549372039503,0,0,0,0,0,0
"crucial",0,0,0,0,0,0,0,0,0,0,0.0358549372039503,0,0,0,0,0,0
"denuclearised",0,0,0,0,0,0,0,0,0,0,0.0358549372039503,0,0,0,0,0,0
"did",0,0,0,0,0,0,0,0,0,0,0.0358549372039503,0,0,0,0,0,0
"donald",0,0,0,0,0,0,0,0,0,0,0.0154871468979208,0.0392341054747328,0.0280243610533806,0.0608805084952751,0,0,0.00939114226788818
"dprk",0,0,0,0,0,0,0,0,0,0,0.0270830073793889,0,0,0,0,0,0.0164226746875018
"each",0,0,0,0,0,0,0,0,0,0,0.0358549372039503,0,0,0,0,0,0
"honoured",0,0,0,0,0,0,0,0,0,0,0.0358549372039503,0,0,0,0,0,0
"implementing",0,0,0,0,0,0,0,0,0,0,0.0358549372039503,0,0,0,0,0,0
"international",0,0,0,0,0,0,0,0,0,0,0.0270830073793889,0,0,0,0,0,0.0164226746875018
"job",0,0,0,0,0,0,0,0,0,0,0.0358549372039503,0,0,0,0,0,0
"join",0,0,0,0,0,0,0,0,0,0,0.0358549372039503,0,0,0,0,0,0
"joint",0,0,0,0,0,0,0,0,0,0,0.0358549372039503,0,0,0,0,0,0
"jong",0,0,0,0,0,0,0,0,0,0,0.0131798275485016,0.0333888964562041,0.0238492117544315,0,0.0313020904276913,0.0715476352632944,0.00799202308792119
"journey",0,0,0,0,0,0,0,0,0,0,0.0358549372039503,0,0,0,0,0,0
"kim",0,0,0,0,0,0,0,0,0,0,0.0263596550970032,0.0333888964562041,0.0238492117544315,0,0.0626041808553826,0.143095270526589,0.00799202308792119
"korean",0,0,0,0,0,0,0,0,0,0,0.0263596550970032,0.0333888964562041,0.0238492117544315,0,0.0626041808553826,0.0715476352632944,0.00799202308792119
"lasting",0,0,0,0,0,0,0,0,0,0,0.0358549372039503,0,0,0,0,0,0
"leader",0,0,0,0,0,0,0,0,0,0,0.0131798275485016,0.0333888964562041,0.0238492117544315,0,0.0313020904276913,0.0715476352632944,0.00799202308792119
"making",0,0,0,0,0,0,0,0,0,0,0.0358549372039503,0,0,0,0,0,0
"move",0,0,0,0,0,0,0,0,0,0,0.0358549372039503,0,0,0,0,0,0
"north",0,0,0,0,0,0,0,0,0,0,0.0154871468979208,0.0392341054747328,0.0280243610533806,0,0.036781973882562,0.0840730831601418,0
"outcome",0,0,0,0,0,0,0,0,0,0,0.0270830073793889,0,0.0490073466865133,0,0,0,0
"outstanding",0,0,0,0,0,0,0,0,0,0,0.0358549372039503,0,0,0,0,0,0
"peace",0,0,0,0,0,0,0,0,0,0,0.0270830073793889,0,0.0490073466865133,0,0,0,0
"peninsula",0,0,0,0,0,0,0,0,0,0,0.021951757373063,0,0,0,0.0521354237610247,0,0.0133111720240914
"played",0,0,0,0,0,0,0,0,0,0,0.0358549372039503,0,0,0,0,0,0
"president",0,0,0,0,0,0,0,0,0,0,0.0131798275485016,0.0333888964562041,0.0238492117544315,0.103620713139944,0.0313020904276913,0,0.00799202308792119
"region",0,0,0,0,0,0,0,0,0,0,0.021951757373063,0,0.0397222276274474,0,0.0521354237610247,0,0
"rest",0,0,0,0,0,0,0,0,0,0,0.0358549372039503,0,0,0,0,0,0
"showing",0,0,0,0,0,0,0,0,0,0,0.0358549372039503,0,0,0,0,0,0
"signing",0,0,0,0,0,0,0,0,0,0,0.0358549372039503,0,0,0,0,0,0
"singaporeans",0,0,0,0,0,0,0,0,0,0,0.0358549372039503,0,0,0,0,0,0
"stability",0,0,0,0,0,0,0,0,0,0,0.0358549372039503,0,0,0,0,0,0
"statement",0,0,0,0,0,0,0,0,0,0,0.0358549372039503,0,0,0,0,0,0
"success",0,0,0,0,0,0,0,0,0,0,0.0358549372039503,0,0,0,0,0,0
"successful",0,0,0,0,0,0,0,0,0,0,0.0270830073793889,0,0,0,0.0643221425260487,0,0
"sure",0,0,0,0,0,0,0,0,0,0,0.0358549372039503,0,0,0,0,0,0
"taken",0,0,0,0,0,0,0,0,0,0,0.0358549372039503,0,0,0,0,0,0
"teams",0,0,0,0,0,0,0,0,0,0,0.0358549372039503,0,0,0,0,0,0
"thanks",0,0,0,0,0,0,0,0,0,0,0.0717098744079007,0,0,0,0,0,0
"towards",0,0,0,0,0,0,0,0,0,0,0.0358549372039503,0,0,0,0,0,0
"trump",0,0,0,0,0,0,0,0,0,0,0.0263596550970032,0.0333888964562041,0.047698423508863,0.0518103565699718,0.0313020904276913,0,0.00799202308792119
"was",0,0,0,0,0,0,0,0,0,0,0.0270830073793889,0,0.0490073466865133,0,0,0,0
"what",0,0,0,0,0,0,0,0,0,0,0.0270830073793889,0.0686102853611187,0,0,0,0,0
"who",0,0,0,0,0,0,0,0,0,0,0.0358549372039503,0,0,0,0,0,0
"worked",0,0,0,0,0,0,0,0,0,0,0.0270830073793889,0,0,0,0,0,0.0164226746875018
"wrote",0,0,0,0,0,0,0,0,0,0,0.0358549372039503,0,0,0,0,0,0
"amanpour",0,0,0,0,0,0,0,0,0,0,0,0.0908325075833409,0,0,0,0,0
"below",0,0,0,0,0,0,0,0,0,0,0,0.0908325075833409,0,0,0,0,0
"christiane",0,0,0,0,0,0,0,0,0,0,0,0.0908325075833409,0,0,0,0,0
"cnns",0,0,0,0,0,0,0,0,0,0,0,0.0908325075833409,0,0,0,0,0
"down",0,0,0,0,0,0,0,0,0,0,0,0.0908325075833409,0,0,0,0,0
"eve",0,0,0,0,0,0,0,0,0,0,0,0.0908325075833409,0,0,0,0,0
"interview",0,0,0,0,0,0,0,0,0,0,0,0.0908325075833409,0,0,0,0,0
"link",0,0,0,0,0,0,0,0,0,0,0,0.0908325075833409,0,0,0,0,0
"mean",0,0,0,0,0,0,0,0,0,0,0,0.0908325075833409,0,0,0,0,0
"meeting",0,0,0,0,0,0,0,0,0,0,0,0.111222237356853,0,0.0862931151906615,0,0,0.0399335160722742
"outcomes",0,0,0,0,0,0,0,0,0,0,0,0.0908325075833409,0,0,0,0,0
"possible",0,0,0,0,0,0,0,0,0,0,0,0.0908325075833409,0,0,0,0,0
"sat",0,0,0,0,0,0,0,0,0,0,0,0.0908325075833409,0,0,0,0,0
"significance",0,0,0,0,0,0,0,0,0,0,0,0.0908325075833409,0,0,0,0,0
"watch",0,0,0,0,0,0,0,0,0,0,0,0.0908325075833409,0,0,0,0,0
"developments",0,0,0,0,0,0,0,0,0,0,0,0,0.0490073466865133,0,0.0643221425260487,0,0
"discuss",0,0,0,0,0,0,0,0,0,0,0,0,0.0648803625595292,0,0,0,0
"forward",0,0,0,0,0,0,0,0,0,0,0,0,0.0648803625595292,0,0,0,0
"him",0,0,0,0,0,0,0,0,0,0,0,0,0.0980146933730267,0,0.128644285052097,0,0
"his",0,0,0,0,0,0,0,0,0,0,0,0,0.0980146933730267,0,0.0643221425260487,0,0
"hospitality",0,0,0,0,0,0,0,0,0,0,0,0,0.0648803625595292,0,0,0,0
"hosted",0,0,0,0,0,0,0,0,0,0,0,0,0.0490073466865133,0,0,0,0.0164226746875018
"house",0,0,0,0,0,0,0,0,0,0,0,0,0.0648803625595292,0,0,0,0
"istana",0,0,0,0,0,0,0,0,0,0,0,0,0.0490073466865133,0.106464235905184,0,0,0
"met",0,0,0,0,0,0,0,0,0,0,0,0,0.0397222276274474,0,0.0521354237610247,0.119166682882342,0
"morning",0,0,0,0,0,0,0,0,0,0,0,0,0.0490073466865133,0,0,0,0.0164226746875018
"october",0,0,0,0,0,0,0,0,0,0,0,0,0.0648803625595292,0,0,0,0
"opportunity",0,0,0,0,0,0,0,0,0,0,0,0,0.0648803625595292,0,0,0,0
"path",0,0,0,0,0,0,0,0,0,0,0,0,0.0648803625595292,0,0,0,0
"positive",0,0,0,0,0,0,0,0,0,0,0,0,0.0648803625595292,0,0,0,0
"reciprocate",0,0,0,0,0,0,0,0,0,0,0,0,0.0648803625595292,0,0,0,0
"step",0,0,0,0,0,0,0,0,0,0,0,0,0.0648803625595292,0,0,0,0
"took",0,0,0,0,0,0,0,0,0,0,0,0,0.0648803625595292,0,0,0,0
"white",0,0,0,0,0,0,0,0,0,0,0,0,0.0648803625595292,0,0,0,0
"wished",0,0,0,0,0,0,0,0,0,0,0,0,0.0490073466865133,0,0.0643221425260487,0,0
"due",0,0,0,0,0,0,0,0,0,0,0,0,0,0.0862931151906615,0.0521354237610247,0.119166682882342,0
"fblive",0,0,0,0,0,0,0,0,0,0,0,0,0,0.140946994525874,0,0,0
"lee",0,0,0,0,0,0,0,0,0,0,0,0,0,0.106464235905184,0,0.14702204005954,0
"place",0,0,0,0,0,0,0,0,0,0,0,0,0,0.0719814772844945,0.0434888091927154,0.0994029924404924,0.0111035257513316
"pmo",0,0,0,0,0,0,0,0,0,0,0,0,0,0.106464235905184,0,0.14702204005954,0
"take",0,0,0,0,0,0,0,0,0,0,0,0,0,0.0862931151906615,0.0521354237610247,0.119166682882342,0
"trumps",0,0,0,0,0,0,0,0,0,0,0,0,0,0.140946994525874,0,0,0
"video",0,0,0,0,0,0,0,0,0,0,0,0,0,0.106464235905184,0,0.14702204005954,0
"visit",0,0,0,0,0,0,0,0,0,0,0,0,0,0.140946994525874,0,0,0
"complimented",0,0,0,0,0,0,0,0,0,0,0,0,0,0,0.0851554758593821,0,0
"decision",0,0,0,0,0,0,0,0,0,0,0,0,0,0,0.0851554758593821,0,0
"discussed",0,0,0,0,0,0,0,0,0,0,0,0,0,0,0.0851554758593821,0,0
"evening",0,0,0,0,0,0,0,0,0,0,0,0,0,0,0.0851554758593821,0,0
"meet",0,0,0,0,0,0,0,0,0,0,0,0,0,0,0.0643221425260487,0,0.0164226746875018
"stay",0,0,0,0,0,0,0,0,0,0,0,0,0,0,0.0851554758593821,0,0
"tuesday",0,0,0,0,0,0,0,0,0,0,0,0,0,0,0.0521354237610247,0.119166682882342,0.0133111720240914
"anticipated",0,0,0,0,0,0,0,0,0,0,0,0,0,0,0,0,0.021741823623672
"arrangements",0,0,0,0,0,0,0,0,0,0,0,0,0,0,0,0,0.021741823623672
"asked",0,0,0,0,0,0,0,0,0,0,0,0,0,0,0,0,0.021741823623672
"been",0,0,0,0,0,0,0,0,0,0,0,0,0,0,0,0,0.043483647247344
"building",0,0,0,0,0,0,0,0,0,0,0,0,0,0,0,0,0.021741823623672
"busy",0,0,0,0,0,0,0,0,0,0,0,0,0,0,0,0,0.021741823623672
"centre",0,0,0,0,0,0,0,0,0,0,0,0,0,0,0,0,0.021741823623672
"check",0,0,0,0,0,0,0,0,0,0,0,0,0,0,0,0,0.021741823623672
"chosen",0,0,0,0,0,0,0,0,0,0,0,0,0,0,0,0,0.021741823623672
"clock",0,0,0,0,0,0,0,0,0,0,0,0,0,0,0,0,0.021741823623672
"closely",0,0,0,0,0,0,0,0,0,0,0,0,0,0,0,0,0.021741823623672
"confident",0,0,0,0,0,0,0,0,0,0,0,0,0,0,0,0,0.021741823623672
"covering",0,0,0,0,0,0,0,0,0,0,0,0,0,0,0,0,0.021741823623672
"deadlines",0,0,0,0,0,0,0,0,0,0,0,0,0,0,0,0,0.021741823623672
"dot",0,0,0,0,0,0,0,0,0,0,0,0,0,0,0,0,0.021741823623672
"efficiency",0,0,0,0,0,0,0,0,0,0,0,0,0,0,0,0,0.021741823623672
"event",0,0,0,0,0,0,0,0,0,0,0,0,0,0,0,0,0.021741823623672
"eventually",0,0,0,0,0,0,0,0,0,0,0,0,0,0,0,0,0.021741823623672
"foreign",0,0,0,0,0,0,0,0,0,0,0,0,0,0,0,0,0.021741823623672
"global",0,0,0,0,0,0,0,0,0,0,0,0,0,0,0,0,0.021741823623672
"happen",0,0,0,0,0,0,0,0,0,0,0,0,0,0,0,0,0.021741823623672
"hosts",0,0,0,0,0,0,0,0,0,0,0,0,0,0,0,0,0.021741823623672
"including",0,0,0,0,0,0,0,0,0,0,0,0,0,0,0,0,0.021741823623672
"intense",0,0,0,0,0,0,0,0,0,0,0,0,0,0,0,0,0.021741823623672
"journalists",0,0,0,0,0,0,0,0,0,0,0,0,0,0,0,0,0.021741823623672
"lead",0,0,0,0,0,0,0,0,0,0,0,0,0,0,0,0,0.021741823623672
"logistics",0,0,0,0,0,0,0,0,0,0,0,0,0,0,0,0,0.021741823623672
"major",0,0,0,0,0,0,0,0,0,0,0,0,0,0,0,0,0.021741823623672
"make",0,0,0,0,0,0,0,0,0,0,0,0,0,0,0,0,0.021741823623672
"management",0,0,0,0,0,0,0,0,0,0,0,0,0,0,0,0,0.021741823623672
"media",0,0,0,0,0,0,0,0,0,0,0,0,0,0,0,0,0.043483647247344
"mobilised",0,0,0,0,0,0,0,0,0,0,0,0,0,0,0,0,0.021741823623672
"neutrality",0,0,0,0,0,0,0,0,0,0,0,0,0,0,0,0,0.021741823623672
"nsf",0,0,0,0,0,0,0,0,0,0,0,0,0,0,0,0,0.021741823623672
"nsmen",0,0,0,0,0,0,0,0,0,0,0,0,0,0,0,0,0.021741823623672
"often",0,0,0,0,0,0,0,0,0,0,0,0,0,0,0,0,0.021741823623672
"partners",0,0,0,0,0,0,0,0,0,0,0,0,0,0,0,0,0.021741823623672
"peaceful",0,0,0,0,0,0,0,0,0,0,0,0,0,0,0,0,0.021741823623672
"personnel",0,0,0,0,0,0,0,0,0,0,0,0,0,0,0,0,0.021741823623672
"pit",0,0,0,0,0,0,0,0,0,0,0,0,0,0,0,0,0.021741823623672
"planning",0,0,0,0,0,0,0,0,0,0,0,0,0,0,0,0,0.021741823623672
"put",0,0,0,0,0,0,0,0,0,0,0,0,0,0,0,0,0.021741823623672
"putting",0,0,0,0,0,0,0,0,0,0,0,0,0,0,0,0,0.021741823623672
"red",0,0,0,0,0,0,0,0,0,0,0,0,0,0,0,0,0.021741823623672
"reputation",0,0,0,0,0,0,0,0,0,0,0,0,0,0,0,0,0.021741823623672
"resolution",0,0,0,0,0,0,0,0,0,0,0,0,0,0,0,0,0.021741823623672
"round",0,0,0,0,0,0,0,0,0,0,0,0,0,0,0,0,0.021741823623672
"saf",0,0,0,0,0,0,0,0,0,0,0,0,0,0,0,0,0.021741823623672
"sector",0,0,0,0,0,0,0,0,0,0,0,0,0,0,0,0,0.021741823623672
"set",0,0,0,0,0,0,0,0,0,0,0,0,0,0,0,0,0.021741823623672
"sides",0,0,0,0,0,0,0,0,0,0,0,0,0,0,0,0,0.021741823623672
"spotlight",0,0,0,0,0,0,0,0,0,0,0,0,0,0,0,0,0.021741823623672
"testifies",0,0,0,0,0,0,0,0,0,0,0,0,0,0,0,0,0.021741823623672
"things",0,0,0,0,0,0,0,0,0,0,0,0,0,0,0,0,0.021741823623672
"thousands",0,0,0,0,0,0,0,0,0,0,0,0,0,0,0,0,0.021741823623672
"time",0,0,0,0,0,0,0,0,0,0,0,0,0,0,0,0,0.021741823623672
"under",0,0,0,0,0,0,0,0,0,0,0,0,0,0,0,0,0.021741823623672
"venue",0,0,0,0,0,0,0,0,0,0,0,0,0,0,0,0,0.021741823623672
"visited",0,0,0,0,0,0,0,0,0,0,0,0,0,0,0,0,0.021741823623672
"were",0,0,0,0,0,0,0,0,0,0,0,0,0,0,0,0,0.021741823623672
"working",0,0,0,0,0,0,0,0,0,0,0,0,0,0,0,0,0.043483647247344
